{"sections":{"image_banner_WNLrwN":{"type":"image-banner","settings":{"image":"shopify:\/\/shop_images\/food-and-beverage-bold-1-top.jpg","image_overlay_opacity":0,"image_height":"medium","desktop_content_position":"middle-center","show_text_box":true,"desktop_content_alignment":"center","color_scheme":"","image_behavior":"none","mobile_content_alignment":"center","stack_images_on_mobile":true,"show_text_below":true}},"banner":{"type":"main-collection-banner","settings":{"show_collection_description":true,"show_collection_image":false,"color_scheme":"scheme-1"}},"product-grid":{"type":"main-collection-product-grid","settings":{"products_per_page":16,"columns_desktop":4,"color_scheme":"scheme-1","image_ratio":"adapt","image_shape":"default","show_secondary_image":false,"show_vendor":false,"show_rating":false,"quick_add":"none","enable_filtering":true,"filter_type":"horizontal","enable_sorting":true,"columns_mobile":"2","padding_top":36,"padding_bottom":36}}},"order":["image_banner_WNLrwN","banner","product-grid"]}