{"sections":{"slideshow_qUEpwd":{"type":"slideshow","blocks":{"slide_99nVYL":{"type":"slide","settings":{"image":"shopify:\/\/shop_images\/food-and-beverage-bold-1-top.jpg","heading":"SAVOR THE FLAVORS","heading_size":"h2","subheading":"Unleashing gastronomic fireworks with every bite.","button_label":"SHOP NOW","link":"shopify:\/\/collections\/all","button_style_secondary":false,"box_align":"bottom-left","show_text_box":false,"text_alignment":"left","image_overlay_opacity":30,"color_scheme":"accent-2","text_alignment_mobile":"center"}},"slide_rtiGrQ":{"type":"slide","settings":{"image":"shopify:\/\/shop_images\/food-and-beverage-bold-5-middle.jpg","heading":"","heading_size":"h1","subheading":"","button_label":"","link":"","button_style_secondary":false,"box_align":"middle-center","show_text_box":false,"text_alignment":"center","image_overlay_opacity":0,"color_scheme":"scheme-1","text_alignment_mobile":"center"}},"slide_dTHkGe":{"type":"slide","settings":{"image":"shopify:\/\/shop_images\/food-and-beverage-bold-4-middle.jpg","heading":"","heading_size":"h1","subheading":"","button_label":"","link":"","button_style_secondary":false,"box_align":"middle-center","show_text_box":false,"text_alignment":"center","image_overlay_opacity":0,"color_scheme":"scheme-1","text_alignment_mobile":"center"}},"slide_iwdYHA":{"type":"slide","settings":{"image":"shopify:\/\/shop_images\/food-and-beverage-bold-2-middle.jpg","heading":"","heading_size":"h1","subheading":"","button_label":"","link":"","button_style_secondary":false,"box_align":"middle-center","show_text_box":false,"text_alignment":"center","image_overlay_opacity":0,"color_scheme":"scheme-1","text_alignment_mobile":"center"}}},"block_order":["slide_99nVYL","slide_rtiGrQ","slide_dTHkGe","slide_iwdYHA"],"settings":{"layout":"grid","slide_height":"large","slider_visual":"counter","auto_rotate":true,"change_slides_speed":5,"image_behavior":"none","show_text_below":false,"accessibility_info":"Slideshow about our brand"}},"featured_product_xpj893":{"type":"featured-product","blocks":{"text_THygVA":{"type":"text","settings":{"text":"{{ section.settings.product.vendor }}","text_style":"uppercase"}},"title_8yRf9z":{"type":"title","settings":{"heading_size":"h1"}},"price_xJUGyY":{"type":"price","settings":{}},"variant_picker_8GRfxq":{"type":"variant_picker","settings":{"picker_type":"button","swatch_shape":"circle"}},"quantity_selector_dTzf6t":{"type":"quantity_selector","settings":{}},"buy_buttons_L97pb8":{"type":"buy_buttons","settings":{"show_dynamic_checkout":true,"show_gift_card_recipient":true}},"share_68MnFt":{"type":"share","settings":{"share_label":"Share"}}},"block_order":["text_THygVA","title_8yRf9z","price_xJUGyY","variant_picker_8GRfxq","quantity_selector_dTzf6t","buy_buttons_L97pb8","share_68MnFt"],"settings":{"product":"boom-boom-cakes","color_scheme":"","secondary_background":false,"media_size":"medium","constrain_to_viewport":true,"media_fit":"contain","media_position":"left","image_zoom":"lightbox","hide_variants":false,"enable_video_looping":false,"padding_top":36,"padding_bottom":36}},"featured_collection_tgCLgk":{"type":"featured-collection","settings":{"title":"","heading_size":"h1","description":"","show_description":false,"description_style":"body","collection":"all","products_to_show":3,"columns_desktop":3,"full_width":false,"show_view_all":true,"view_all_style":"solid","enable_desktop_slider":true,"color_scheme":"background-1","image_ratio":"adapt","image_shape":"arch","show_secondary_image":false,"show_vendor":false,"show_rating":false,"quick_add":"standard","columns_mobile":"1","swipe_on_mobile":true,"padding_top":56,"padding_bottom":48}},"collection_list_96mgE7":{"type":"collection-list","blocks":{"featured_collection_gMyqya":{"type":"featured_collection","settings":{"collection":"best-selling-products"}},"featured_collection_UUjfgk":{"type":"featured_collection","settings":{"collection":"cakes"}},"featured_collection_PbKitq":{"type":"featured_collection","settings":{"collection":"cone-cakes"}}},"block_order":["featured_collection_gMyqya","featured_collection_UUjfgk","featured_collection_PbKitq"],"settings":{"title":"Collections","heading_size":"h1","image_ratio":"square","columns_desktop":3,"color_scheme":"","show_view_all":false,"columns_mobile":"1","swipe_on_mobile":false,"padding_top":36,"padding_bottom":36}}},"order":["slideshow_qUEpwd","featured_product_xpj893","featured_collection_tgCLgk","collection_list_96mgE7"]}