{"sections":{"main":{"type":"main-page","settings":{"padding_top":28,"padding_bottom":28}},"collection_list_FFBGGD":{"type":"collection-list","blocks":{"featured_collection_dJfEKY":{"type":"featured_collection","settings":{"collection":"cakes"}},"featured_collection_MdQtcy":{"type":"featured_collection","settings":{"collection":"cone-cakes"}},"featured_collection_zMzM8M":{"type":"featured_collection","settings":{"collection":"best-selling-products"}}},"block_order":["featured_collection_dJfEKY","featured_collection_MdQtcy","featured_collection_zMzM8M"],"settings":{"title":"Collections","heading_size":"h1","image_ratio":"square","columns_desktop":3,"color_scheme":"","show_view_all":false,"columns_mobile":"1","swipe_on_mobile":false,"padding_top":36,"padding_bottom":36}}},"order":["main","collection_list_FFBGGD"]}