{"sections":{"main":{"type":"main-product","blocks":{"vendor":{"type":"text","settings":{"text":"{{ product.vendor }}","text_style":"uppercase"}},"title":{"type":"title","settings":{}},"price":{"type":"price","settings":{}},"variant_picker":{"type":"variant_picker","settings":{"picker_type":"button","swatch_shape":"circle"}},"quantity_selector":{"type":"quantity_selector","settings":{}},"buy_buttons":{"type":"buy_buttons","settings":{"show_dynamic_checkout":true,"show_gift_card_recipient":true}},"description":{"type":"description","settings":{}},"share":{"type":"share","settings":{"share_label":"Share"}}},"block_order":["vendor","title","price","variant_picker","quantity_selector","buy_buttons","description","share"],"settings":{"enable_sticky_info":true,"color_scheme":"scheme-1","media_size":"large","constrain_to_viewport":true,"media_fit":"contain","gallery_layout":"stacked","media_position":"left","image_zoom":"lightbox","mobile_thumbnails":"hide","hide_variants":true,"enable_video_looping":false,"padding_top":36,"padding_bottom":12}},"related-products":{"type":"related-products","settings":{"heading":"You may also like","heading_size":"h2","products_to_show":4,"columns_desktop":4,"color_scheme":"scheme-1","image_ratio":"square","image_shape":"default","show_secondary_image":true,"show_vendor":false,"show_rating":false,"columns_mobile":"2","padding_top":36,"padding_bottom":28}},"featured_product_arqnke":{"type":"featured-product","blocks":{"text_HUrApW":{"type":"text","settings":{"text":"{{ section.settings.product.vendor }}","text_style":"uppercase"}},"title_YRDGWF":{"type":"title","settings":{"heading_size":"h1"}},"price_yNiFmY":{"type":"price","settings":{}},"variant_picker_4yB4wN":{"type":"variant_picker","settings":{"picker_type":"button","swatch_shape":"circle"}},"quantity_selector_JJANMJ":{"type":"quantity_selector","settings":{}},"buy_buttons_Wm63W3":{"type":"buy_buttons","settings":{"show_dynamic_checkout":true,"show_gift_card_recipient":true}},"share_PcgiAq":{"type":"share","settings":{"share_label":"Share"}}},"block_order":["text_HUrApW","title_YRDGWF","price_yNiFmY","variant_picker_4yB4wN","quantity_selector_JJANMJ","buy_buttons_Wm63W3","share_PcgiAq"],"settings":{"product":"boom-boom-cakes","color_scheme":"","secondary_background":false,"media_size":"medium","constrain_to_viewport":true,"media_fit":"contain","media_position":"left","image_zoom":"lightbox","hide_variants":false,"enable_video_looping":false,"padding_top":36,"padding_bottom":36}}},"order":["main","related-products","featured_product_arqnke"]}